,0
0,https://matchhistory.br.leagueoflegends.com/pt/#match-details/ESPORTSTMNT03/530266?gameHash=3b05882d34c71457
1,https://matchhistory.br.leagueoflegends.com/pt/#match-details/ESPORTSTMNT03/520528?gameHash=8c7200822a61fdef
2,https://matchhistory.br.leagueoflegends.com/pt/#match-details/ESPORTSTMNT03/530278?gameHash=9a50b413596795c1
3,https://matchhistory.br.leagueoflegends.com/pt/#match-details/ESPORTSTMNT03/520540?gameHash=e98e6edc152c2651
4,https://matchhistory.br.leagueoflegends.com/pt/#match-details/ESPORTSTMNT03/530382?gameHash=bc3143e5b50f61eb
5,https://matchhistory.br.leagueoflegends.com/pt/#match-details/ESPORTSTMNT03/530394?gameHash=1f24984fcaaaa6f8
6,https://matchhistory.br.leagueoflegends.com/pt/#match-details/ESPORTSTMNT03/520633?gameHash=51016e1c1503afdd
7,https://matchhistory.br.leagueoflegends.com/pt/#match-details/ESPORTSTMNT03/530405?gameHash=5c869c6b359b60cf
8,https://matchhistory.br.leagueoflegends.com/pt/#match-details/ESPORTSTMNT03/530406?gameHash=699e55d94e68c52a
9,https://matchhistory.br.leagueoflegends.com/pt/#match-details/ESPORTSTMNT03/520834?gameHash=fc3ecdae8c9abb5f
10,https://matchhistory.br.leagueoflegends.com/pt/#match-details/ESPORTSTMNT03/530594?gameHash=e0d9fcfcffbc5328
11,https://matchhistory.br.leagueoflegends.com/pt/#match-details/ESPORTSTMNT03/530595?gameHash=da8e91444b892b03
12,https://matchhistory.br.leagueoflegends.com/pt/#match-details/ESPORTSTMNT03/530602?gameHash=86161b5031ccf0d8
13,https://matchhistory.br.leagueoflegends.com/pt/#match-details/ESPORTSTMNT03/520862?gameHash=6a75b2173eb6bbb6
14,https://matchhistory.br.leagueoflegends.com/pt/#match-details/ESPORTSTMNT03/520935?gameHash=10a1431a0d4fc1ff
15,https://matchhistory.br.leagueoflegends.com/pt/#match-details/ESPORTSTMNT03/520945?gameHash=ec664ce7cd3b3673
16,https://matchhistory.br.leagueoflegends.com/pt/#match-details/ESPORTSTMNT03/520947?gameHash=a6c0464767261c28
17,https://matchhistory.br.leagueoflegends.com/pt/#match-details/ESPORTSTMNT03/530706?gameHash=413578e47941293a
18,https://matchhistory.br.leagueoflegends.com/pt/#match-details/ESPORTSTMNT03/520962?gameHash=875957669b677c94
19,https://matchhistory.br.leagueoflegends.com/pt/#match-details/ESPORTSTMNT03/550161?gameHash=2e7159d31e269fe1
20,https://matchhistory.br.leagueoflegends.com/pt/#match-details/ESPORTSTMNT03/550162?gameHash=a7cd00b40f316a26
21,https://matchhistory.br.leagueoflegends.com/pt/#match-details/ESPORTSTMNT03/550163?gameHash=44a584de1204591c
22,https://matchhistory.br.leagueoflegends.com/pt/#match-details/ESPORTSTMNT03/550171?gameHash=9555ffe1f888ea19
23,https://matchhistory.br.leagueoflegends.com/pt/#match-details/ESPORTSTMNT03/550172?gameHash=9d0bfdc8fc8762bb
24,https://matchhistory.br.leagueoflegends.com/pt/#match-details/ESPORTSTMNT03/540180?gameHash=487d15d7c8499411
25,https://matchhistory.br.leagueoflegends.com/pt/#match-details/ESPORTSTMNT03/540181?gameHash=da630e3db36727c4
26,https://matchhistory.br.leagueoflegends.com/pt/#match-details/ESPORTSTMNT03/540183?gameHash=43ba03080f04660e
27,https://matchhistory.br.leagueoflegends.com/pt/#match-details/ESPORTSTMNT03/550266?gameHash=b9daaadf53373d9e
28,https://matchhistory.br.leagueoflegends.com/pt/#match-details/ESPORTSTMNT03/570139?gameHash=ba727c1db6d1cfbb
29,https://matchhistory.br.leagueoflegends.com/pt/#match-details/ESPORTSTMNT03/570148?gameHash=48735209b8f644f7
30,https://matchhistory.br.leagueoflegends.com/pt/#match-details/ESPORTSTMNT03/570152?gameHash=d0c23fbd83b53f3d
31,https://matchhistory.br.leagueoflegends.com/pt/#match-details/ESPORTSTMNT03/570163?gameHash=6ea26a58f9384a6b
32,https://matchhistory.br.leagueoflegends.com/pt/#match-details/ESPORTSTMNT03/570174?gameHash=d3aaac08bc856aff
33,https://matchhistory.br.leagueoflegends.com/pt/#match-details/ESPORTSTMNT03/570183?gameHash=befebdfa5be62ac3
34,https://matchhistory.br.leagueoflegends.com/pt/#match-details/ESPORTSTMNT03/570249?gameHash=e55b4cc3523006cb
35,https://matchhistory.br.leagueoflegends.com/pt/#match-details/ESPORTSTMNT03/570258?gameHash=3ba34722455ba1be
36,https://matchhistory.br.leagueoflegends.com/pt/#match-details/ESPORTSTMNT03/570260?gameHash=d3455c3947719031
37,https://matchhistory.br.leagueoflegends.com/pt/#match-details/ESPORTSTMNT03/570268?gameHash=ca9c153b7d4e4cc9
38,https://matchhistory.br.leagueoflegends.com/pt/#match-details/ESPORTSTMNT03/560465?gameHash=cf31c3be61c6a38d
39,https://matchhistory.br.leagueoflegends.com/pt/#match-details/ESPORTSTMNT03/560467?gameHash=f2c3fd01d5186a3f
40,https://matchhistory.br.leagueoflegends.com/pt/#match-details/ESPORTSTMNT03/560471?gameHash=fca97b66ca56444d
41,https://matchhistory.br.leagueoflegends.com/pt/#match-details/ESPORTSTMNT03/560477?gameHash=547c2bc12ece94c1
42,https://matchhistory.br.leagueoflegends.com/pt/#match-details/ESPORTSTMNT03/560552?gameHash=68b5208581fa629d
43,https://matchhistory.br.leagueoflegends.com/pt/#match-details/ESPORTSTMNT03/560556?gameHash=2591ba86b6642973
44,https://matchhistory.br.leagueoflegends.com/pt/#match-details/ESPORTSTMNT03/560557?gameHash=46480e4eb5078b6d
45,https://matchhistory.br.leagueoflegends.com/pt/#match-details/ESPORTSTMNT03/560558?gameHash=7a8c0d57d86afbb0
46,https://matchhistory.br.leagueoflegends.com/pt/#match-details/ESPORTSTMNT03/560573?gameHash=dd89419cec7ec864
47,https://matchhistory.br.leagueoflegends.com/pt/#match-details/ESPORTSTMNT03/560575?gameHash=ccca3847af90493d
48,https://matchhistory.br.leagueoflegends.com/pt/#match-details/ESPORTSTMNT03/580110?gameHash=cccd90fc4a385a72
49,https://matchhistory.br.leagueoflegends.com/pt/#match-details/ESPORTSTMNT03/590117?gameHash=86219edce5d71190
50,https://matchhistory.br.leagueoflegends.com/pt/#match-details/ESPORTSTMNT03/590122?gameHash=8be80224a6ad7fa2
51,https://matchhistory.br.leagueoflegends.com/pt/#match-details/ESPORTSTMNT03/590134?gameHash=7ec8430e1e181d2a
52,https://matchhistory.br.leagueoflegends.com/pt/#match-details/ESPORTSTMNT03/590154?gameHash=2dacb94f114294c6
53,https://matchhistory.br.leagueoflegends.com/pt/#match-details/ESPORTSTMNT03/590162?gameHash=6c34fee67583dd4a
54,https://matchhistory.br.leagueoflegends.com/pt/#match-details/ESPORTSTMNT03/590223?gameHash=47940572bb74995b
55,https://matchhistory.br.leagueoflegends.com/pt/#match-details/ESPORTSTMNT03/590229?gameHash=f946cab348cce332&tab=overview
56,https://matchhistory.br.leagueoflegends.com/pt/#match-details/ESPORTSTMNT03/590232?gameHash=8c74e00c5c36df47&tab=overview
57,https://matchhistory.br.leagueoflegends.com/pt/#match-details/ESPORTSTMNT03/590242?gameHash=5ff328e695eb4633&tab=overview
58,https://matchhistory.br.leagueoflegends.com/pt/#match-details/ESPORTSTMNT03/580359?gameHash=12c9672166d981ff
59,https://matchhistory.br.leagueoflegends.com/pt/#match-details/ESPORTSTMNT03/580361?gameHash=17b5eb1a00071a85
60,https://matchhistory.br.leagueoflegends.com/pt/#match-details/ESPORTSTMNT03/580370?gameHash=e142a33525f67725
61,https://matchhistory.br.leagueoflegends.com/pt/#match-details/ESPORTSTMNT03/580376?gameHash=1bac4f28504b2377
62,https://matchhistory.br.leagueoflegends.com/pt/#match-details/ESPORTSTMNT03/580439?gameHash=d8a22c9d1d48e334
63,https://matchhistory.br.leagueoflegends.com/pt/#match-details/ESPORTSTMNT03/580441?gameHash=9cc7b0e0b71f7150
64,https://matchhistory.br.leagueoflegends.com/pt/#match-details/ESPORTSTMNT03/580449?gameHash=dc9c91bd0441ddbc
65,https://matchhistory.br.leagueoflegends.com/pt/#match-details/ESPORTSTMNT03/580454?gameHash=045e0c6cebd11608
66,https://matchhistory.br.leagueoflegends.com/pt/#match-details/ESPORTSTMNT03/730084?gameHash=817fa160b5248d08
67,https://matchhistory.br.leagueoflegends.com/pt/#match-details/ESPORTSTMNT03/730095?gameHash=d958692f5dbcee5d
68,https://matchhistory.br.leagueoflegends.com/pt/#match-details/ESPORTSTMNT03/730096?gameHash=5b7c54efb7d3a0d6
69,https://matchhistory.br.leagueoflegends.com/pt/#match-details/ESPORTSTMNT03/730097?gameHash=7da59855edb5a619
70,https://matchhistory.br.leagueoflegends.com/pt/#match-details/ESPORTSTMNT03/730103?gameHash=399bc1ebdfefe478
71,https://matchhistory.br.leagueoflegends.com/pt/#match-details/ESPORTSTMNT03/730127?gameHash=73cef58943c286b9
72,https://matchhistory.br.leagueoflegends.com/pt/#match-details/ESPORTSTMNT03/730134?gameHash=41ff21c411ed594a
73,https://matchhistory.br.leagueoflegends.com/pt/#match-details/ESPORTSTMNT03/730138?gameHash=c1c5d4cba1862938
74,https://matchhistory.br.leagueoflegends.com/pt/#match-details/ESPORTSTMNT03/730146?gameHash=bf47066ed4ade29b
75,https://matchhistory.br.leagueoflegends.com/pt/#match-details/ESPORTSTMNT03/730149?gameHash=c3bc29f59a13d5ca
76,https://matchhistory.br.leagueoflegends.com/pt/#match-details/ESPORTSTMNT03/720222?gameHash=d5cbbde4376dc2d0
77,https://matchhistory.br.leagueoflegends.com/pt/#match-details/ESPORTSTMNT03/730244?gameHash=c106c0450385a510
78,https://matchhistory.br.leagueoflegends.com/pt/#match-details/ESPORTSTMNT03/730246?gameHash=5e0a102a3575b197
79,https://matchhistory.br.leagueoflegends.com/pt/#match-details/ESPORTSTMNT03/730255?gameHash=94c19ce87546ddd3
80,https://matchhistory.br.leagueoflegends.com/pt/#match-details/ESPORTSTMNT03/720309?gameHash=660128330cf76d26
81,https://matchhistory.br.leagueoflegends.com/pt/#match-details/ESPORTSTMNT03/720318?gameHash=83d6a41e3edda48f&tab=overview
82,https://matchhistory.br.leagueoflegends.com/pt/#match-details/ESPORTSTMNT03/720321?gameHash=5cc4cf9cb1bb4067
83,https://matchhistory.br.leagueoflegends.com/pt/#match-details/ESPORTSTMNT03/720323?gameHash=5535f5e4b3a939ad&tab=overview
84,https://matchhistory.br.leagueoflegends.com/pt/#match-details/ESPORTSTMNT03/720332?gameHash=538e12df5317ed8b
85,https://matchhistory.br.leagueoflegends.com/pt/#match-details/ESPORTSTMNT03/750141?gameHash=ace924ca244cb3b4&tab=overview
86,https://matchhistory.br.leagueoflegends.com/pt/#match-details/ESPORTSTMNT03/740134?gameHash=4a6b4e88448876e9&tab=overview
87,https://matchhistory.br.leagueoflegends.com/pt/#match-details/ESPORTSTMNT03/740135?gameHash=30968f8b3bdfeaaf&tab=overview
88,https://matchhistory.br.leagueoflegends.com/pt/#match-details/ESPORTSTMNT01/760773?gameHash=97f98b36cd7a3876&tab=overview
89,https://matchhistory.br.leagueoflegends.com/pt/#match-details/ESPORTSTMNT01/760781?gameHash=bade4666363979a5&tab=overview
90,https://matchhistory.br.leagueoflegends.com/pt/#match-details/ESPORTSTMNT01/760784?gameHash=b4f1f13a3e62449c&tab=overview
91,https://matchhistory.br.leagueoflegends.com/pt/#match-details/ESPORTSTMNT03/740201?gameHash=3738f24501aaaddf&tab=overview
92,https://matchhistory.br.leagueoflegends.com/pt/#match-details/ESPORTSTMNT03/740202?gameHash=c0e65f002efa8302&tab=overview
93,https://matchhistory.br.leagueoflegends.com/pt/#match-details/ESPORTSTMNT03/740204?gameHash=48d821128819918f&tab=overview
94,https://matchhistory.br.leagueoflegends.com/pt/#match-details/ESPORTSTMNT03/740210?gameHash=98340022b152b474&tab=overview
95,https://matchhistory.br.leagueoflegends.com/pt/#match-details/ESPORTSTMNT03/740212?gameHash=0b97f5ace2a83ba6
96,https://matchhistory.br.leagueoflegends.com/pt/#match-details/ESPORTSTMNT03/740416?gameHash=2a82d569da09d6c0&tab=overview
97,https://matchhistory.br.leagueoflegends.com/pt/#match-details/ESPORTSTMNT03/740417?gameHash=515980da9f02d75e&tab=overview
98,https://matchhistory.br.leagueoflegends.com/pt/#match-details/ESPORTSTMNT03/740418?gameHash=68bdc19fe61c7f4c&tab=overview
99,https://matchhistory.br.leagueoflegends.com/pt/#match-details/ESPORTSTMNT03/740423?gameHash=ff851b4afcebfb99&tab=overview
100,https://matchhistory.br.leagueoflegends.com/pt/#match-details/ESPORTSTMNT03/740427?gameHash=be57124d5deda531&tab=overview
101,https://matchhistory.br.leagueoflegends.com/pt/#match-details/ESPORTSTMNT02/710344?gameHash=7b9724341ae52181&tab=overview
102,https://matchhistory.br.leagueoflegends.com/pt/#match-details/ESPORTSTMNT03/750524?gameHash=550155e417ca9e1f&tab=overview
103,https://matchhistory.br.leagueoflegends.com/pt/#match-details/ESPORTSTMNT03/750525?gameHash=84c60b358edfc6a5&tab=overview
104,https://matchhistory.br.leagueoflegends.com/pt/#match-details/ESPORTSTMNT03/750528?gameHash=44dce674703ab90c&tab=overview
105,https://matchhistory.br.leagueoflegends.com/pt/#match-details/ESPORTSTMNT03/750534?gameHash=1fbedba535515d7d
106,https://matchhistory.br.leagueoflegends.com/pt/#match-details/ESPORTSTMNT03/750537?gameHash=ffcf5bc53e31c6f5&tab=overview
107,https://matchhistory.br.leagueoflegends.com/pt/#match-details/ESPORTSTMNT03/760537?gameHash=08b3e88a17c6a21a&tab=overview
108,https://matchhistory.br.leagueoflegends.com/pt/#match-details/ESPORTSTMNT03/760549?gameHash=9473a8e50ad64e33&tab=overview
109,https://matchhistory.br.leagueoflegends.com/pt/#match-details/ESPORTSTMNT03/760551?gameHash=3094585910a0f47b&tab=overview
110,https://matchhistory.br.leagueoflegends.com/pt/#match-details/ESPORTSTMNT03/760553?gameHash=0ab5c883187a11a1&tab=overview
111,https://matchhistory.br.leagueoflegends.com/pt/#match-details/ESPORTSTMNT03/760560?gameHash=baad9e5262012981&tab=overview
112,https://matchhistory.br.leagueoflegends.com/pt/#match-details/ESPORTSTMNT03/760648?gameHash=7e3beacda61e31f1&tab=overview
113,https://matchhistory.br.leagueoflegends.com/pt/#match-details/ESPORTSTMNT03/760650?gameHash=ed8daa0e47b662b5&tab=overview
114,https://matchhistory.br.leagueoflegends.com/pt/#match-details/ESPORTSTMNT03/760651?gameHash=c9d1eb68207990a8&tab=overview
115,https://matchhistory.br.leagueoflegends.com/pt/#match-details/ESPORTSTMNT03/760655?gameHash=5ea853f3342754c5&tab=overview
116,https://matchhistory.br.leagueoflegends.com/pt/#match-details/ESPORTSTMNT03/760659?gameHash=02225a1e8388658c&tab=overview
117,https://matchhistory.br.leagueoflegends.com/pt/#match-details/ESPORTSTMNT03/780106?gameHash=d9bc246bf17f60ce&tab=overview
118,https://matchhistory.br.leagueoflegends.com/pt/#match-details/ESPORTSTMNT03/780107?gameHash=950f6a3a512c6171&tab=overview
119,https://matchhistory.br.leagueoflegends.com/pt/#match-details/ESPORTSTMNT03/780113?gameHash=6a3675454d5baf69&tab=overview
120,https://matchhistory.br.leagueoflegends.com/pt/#match-details/ESPORTSTMNT03/780114?gameHash=b30b55b7de97f0b0&tab=overview
121,https://matchhistory.br.leagueoflegends.com/pt/#match-details/ESPORTSTMNT03/780140?gameHash=5ab3ecd36a76a57d&tab=overview
122,https://matchhistory.br.leagueoflegends.com/pt/#match-details/ESPORTSTMNT03/790213?gameHash=8646fc3a0bd05216&tab=overview
123,https://matchhistory.br.leagueoflegends.com/pt/#match-details/ESPORTSTMNT03/780226?gameHash=9d3edd7755c81532&tab=overview
124,https://matchhistory.br.leagueoflegends.com/pt/#match-details/ESPORTSTMNT03/780239?gameHash=1412f339808c172b&tab=overview
125,https://matchhistory.br.leagueoflegends.com/pt/#match-details/ESPORTSTMNT03/780247?gameHash=5fea19fa1137232f&tab=overview
126,https://matchhistory.br.leagueoflegends.com/pt/#match-details/ESPORTSTMNT03/780253?gameHash=0fc2f8b4cc80a7ee&tab=overview
127,https://matchhistory.br.leagueoflegends.com/pt/#match-details/ESPORTSTMNT03/790445?gameHash=2a6f049810a44bf0&tab=overview
128,https://matchhistory.br.leagueoflegends.com/pt/#match-details/ESPORTSTMNT03/790446?gameHash=ee3caf5b054149ff&tab=overview
129,https://matchhistory.br.leagueoflegends.com/pt/#match-details/ESPORTSTMNT03/790450?gameHash=f7283f5e3b8ad8f4&tab=overview
130,https://matchhistory.br.leagueoflegends.com/pt/#match-details/ESPORTSTMNT03/790457?gameHash=7ac7773306266912&tab=overview
131,https://matchhistory.br.leagueoflegends.com/pt/#match-details/ESPORTSTMNT03/780526?gameHash=07b805cd94eea399&tab=overview
132,https://matchhistory.br.leagueoflegends.com/pt/#match-details/ESPORTSTMNT03/780528?gameHash=97734afe99211297&tab=overview
133,https://matchhistory.br.leagueoflegends.com/pt/#match-details/ESPORTSTMNT03/780529?gameHash=aa26e9478d6cc776&tab=overview
134,https://matchhistory.br.leagueoflegends.com/pt/#match-details/ESPORTSTMNT03/780535?gameHash=a74cb82abc2c5fd8&tab=overview
135,https://matchhistory.br.leagueoflegends.com/pt/#match-details/ESPORTSTMNT03/780541?gameHash=18eb8b8eaa8865d8&tab=overview
136,https://matchhistory.br.leagueoflegends.com/pt/#match-details/ESPORTSTMNT01/1030526?gameHash=79fbab80b0336ea0
137,https://matchhistory.br.leagueoflegends.com/pt/#match-details/ESPORTSTMNT01/1040501?gameHash=0bc40b71da3a7e52&tab=overview
138,https://matchhistory.br.leagueoflegends.com/pt/#match-details/ESPORTSTMNT01/1040511?gameHash=727ae2b21e37499e&tab=overview
139,https://matchhistory.br.leagueoflegends.com/pt/#match-details/ESPORTSTMNT01/1040525?gameHash=109df3fc339ac4d2&tab=overview
140,https://matchhistory.br.leagueoflegends.com/pt/#match-details/ESPORTSTMNT01/1040633?gameHash=fc61f8f81e875180
141,https://matchhistory.br.leagueoflegends.com/pt/#match-details/ESPORTSTMNT01/1040648?gameHash=f21e87cf1957eb69
142,https://matchhistory.br.leagueoflegends.com/pt/#match-details/ESPORTSTMNT01/1040661?gameHash=88cd648699886f0b
143,https://matchhistory.br.leagueoflegends.com/pt/#match-details/ESPORTSTMNT01/1040668?gameHash=babdee0c5f80ff82&tab=overview
144,https://matchhistory.br.leagueoflegends.com/pt/#match-details/ESPORTSTMNT01/1032020?gameHash=abb44a2c3c2ef09d
145,https://matchhistory.br.leagueoflegends.com/pt/#match-details/ESPORTSTMNT01/1032029?gameHash=cabe169cf642a98e
146,https://matchhistory.br.leagueoflegends.com/pt/#match-details/ESPORTSTMNT01/1032034?gameHash=cd1cd564921cda28
147,https://matchhistory.br.leagueoflegends.com/pt/#match-details/ESPORTSTMNT01/1032042?gameHash=6703e5c872b5c308
148,https://matchhistory.br.leagueoflegends.com/pt/#match-details/ESPORTSTMNT01/1042195?gameHash=a135323ebec1fbab
149,https://matchhistory.br.leagueoflegends.com/pt/#match-details/ESPORTSTMNT01/1042202?gameHash=a3e5ecc19fd412c9
150,https://matchhistory.br.leagueoflegends.com/pt/#match-details/ESPORTSTMNT01/1042212?gameHash=16bff4374bafdbc9
151,https://matchhistory.br.leagueoflegends.com/pt/#match-details/ESPORTSTMNT01/1042225?gameHash=705ea81536519f26
152,https://matchhistory.br.leagueoflegends.com/pt/#match-details/ESPORTSTMNT02/992579?gameHash=9cfc8bb8565040a1
153,https://matchhistory.br.leagueoflegends.com/pt/#match-details/ESPORTSTMNT02/992586?gameHash=ffc1583ad4de9e51
154,https://matchhistory.br.leagueoflegends.com/pt/#match-details/ESPORTSTMNT02/992600?gameHash=c410efbb7c7cf37a
155,https://matchhistory.br.leagueoflegends.com/pt/#match-details/ESPORTSTMNT02/992604?gameHash=56a8133698dc297f
156,https://matchhistory.br.leagueoflegends.com/pt/#match-details/ESPORTSTMNT02/982737?gameHash=8214293e4e26e102
157,https://matchhistory.br.leagueoflegends.com/pt/#match-details/ESPORTSTMNT02/982743?gameHash=51e22b221db17a76
158,https://matchhistory.br.leagueoflegends.com/pt/#match-details/ESPORTSTMNT02/982765?gameHash=f9ab1f961c9c8895
159,https://matchhistory.br.leagueoflegends.com/pt/#match-details/ESPORTSTMNT02/982778?gameHash=3b25eadc906ad707
160,https://matchhistory.br.leagueoflegends.com/pt/#match-details/ESPORTSTMNT01/1061491?gameHash=a753b22ea1e868c4
161,https://matchhistory.br.leagueoflegends.com/pt/#match-details/ESPORTSTMNT01/1061503?gameHash=c7e9326d5fa1e47c
162,https://matchhistory.br.leagueoflegends.com/pt/#match-details/ESPORTSTMNT01/1061518?gameHash=e8d31fd467aac42b
163,https://matchhistory.br.leagueoflegends.com/pt/#match-details/ESPORTSTMNT01/1061522?gameHash=8c608d2ad2d033f0
164,https://matchhistory.br.leagueoflegends.com/pt/#match-details/ESPORTSTMNT01/1061706?gameHash=243b520e78f689f9
165,https://matchhistory.br.leagueoflegends.com/pt/#match-details/ESPORTSTMNT01/1061718?gameHash=cf5c862c3906737f
166,https://matchhistory.br.leagueoflegends.com/pt/#match-details/ESPORTSTMNT01/1061727?gameHash=13d45a5cd22c2354&tab=overview
167,https://matchhistory.br.leagueoflegends.com/pt/#match-details/ESPORTSTMNT01/1061740?gameHash=4a1eb87f5629a936&tab=overview
168,https://matchhistory.br.leagueoflegends.com/pt/#match-details/ESPORTSTMNT01/1063058?gameHash=3b769abf5ecffc4b&tab=overview
169,https://matchhistory.br.leagueoflegends.com/pt/#match-details/ESPORTSTMNT01/1063060?gameHash=0aea2b98a364d273&tab=overview
170,https://matchhistory.br.leagueoflegends.com/pt/#match-details/ESPORTSTMNT01/1063069?gameHash=3c56e8119fe9aaa7&tab=overview
171,https://matchhistory.br.leagueoflegends.com/pt/#match-details/ESPORTSTMNT01/1063198?gameHash=72c1a3169206334a
172,https://matchhistory.br.leagueoflegends.com/pt/#match-details/ESPORTSTMNT01/1063223?gameHash=055b50ee8224fdac
173,https://matchhistory.br.leagueoflegends.com/pt/#match-details/ESPORTSTMNT01/1063234?gameHash=8d0a5acb123456af
174,https://matchhistory.br.leagueoflegends.com/pt/#match-details/ESPORTSTMNT01/1063259?gameHash=3aeaf23cb3f85e27&tab=overview
175,https://matchhistory.br.leagueoflegends.com/pt/#match-details/ESPORTSTMNT01/1053541?gameHash=6e55b3af47ae914d
176,https://matchhistory.br.leagueoflegends.com/pt/#match-details/ESPORTSTMNT02/1012049?gameHash=469f82d402b27043
177,https://matchhistory.br.leagueoflegends.com/pt/#match-details/ESPORTSTMNT02/1012056?gameHash=7e56c86a24c89109
178,https://matchhistory.br.leagueoflegends.com/pt/#match-details/ESPORTSTMNT02/1012080?gameHash=7b58f4aaf20fe423
179,https://matchhistory.br.leagueoflegends.com/pt/#match-details/ESPORTSTMNT02/1012095?gameHash=8d5edd284f98ee8a
180,https://matchhistory.br.leagueoflegends.com/pt/#match-details/ESPORTSTMNT02/1012379?gameHash=563cb5b4120328a6
181,https://matchhistory.br.leagueoflegends.com/pt/#match-details/ESPORTSTMNT02/1012396?gameHash=e0b93c0555bf4ba0
182,https://matchhistory.br.leagueoflegends.com/pt/#match-details/ESPORTSTMNT02/1012401?gameHash=9cab7d433db61b38
183,https://matchhistory.br.leagueoflegends.com/pt/#match-details/ESPORTSTMNT02/1012423?gameHash=ad8f3b50305181a9
184,https://matchhistory.br.leagueoflegends.com/pt/#match-details/ESPORTSTMNT02/1014703?gameHash=326d45f15e92c9c2&tab=overview
185,https://matchhistory.br.leagueoflegends.com/pt/#match-details/ESPORTSTMNT02/1014722?gameHash=e4ed4c6ba58bf951
186,https://matchhistory.br.leagueoflegends.com/pt/#match-details/ESPORTSTMNT02/1014740?gameHash=2ef5ca409a62caf0
187,https://matchhistory.br.leagueoflegends.com/pt/#match-details/ESPORTSTMNT02/1014759?gameHash=505bb329214f3f1e
188,https://matchhistory.br.leagueoflegends.com/pt/#match-details/ESPORTSTMNT02/1004935?gameHash=f2ba08aa33343f36&tab=overview
189,https://matchhistory.br.leagueoflegends.com/pt/#match-details/ESPORTSTMNT02/1004964?gameHash=00fea5a3581aadc7&tab=overview
190,https://matchhistory.br.leagueoflegends.com/pt/#match-details/ESPORTSTMNT02/1004976?gameHash=fc3c4361de891339&tab=overview
191,https://matchhistory.br.leagueoflegends.com/pt/#match-details/ESPORTSTMNT02/1005007?gameHash=0d2df6606f9da911&tab=overview
192,https://matchhistory.br.leagueoflegends.com/pt/#match-details/ESPORTSTMNT03/1033469?gameHash=7861174ac916f78f
193,https://matchhistory.br.leagueoflegends.com/pt/#match-details/ESPORTSTMNT03/1033482?gameHash=ee7b88031dc5596a
194,https://matchhistory.br.leagueoflegends.com/pt/#match-details/ESPORTSTMNT03/1023481?gameHash=eb56b5d5b408f839
195,https://matchhistory.br.leagueoflegends.com/pt/#match-details/ESPORTSTMNT03/1023512?gameHash=0a788b0c3bc53042
196,https://matchhistory.br.leagueoflegends.com/pt/#match-details/ESPORTSTMNT03/1033840?gameHash=0ae175f9811544d0
197,https://matchhistory.br.leagueoflegends.com/pt/#match-details/ESPORTSTMNT03/1033852?gameHash=c0c82d5d6c018d63&tab=overview
198,https://matchhistory.br.leagueoflegends.com/pt/#match-details/ESPORTSTMNT03/1033869?gameHash=f5f949287aee25c4&tab=overview
199,https://matchhistory.br.leagueoflegends.com/pt/#match-details/ESPORTSTMNT03/1033879?gameHash=fb969bb6b65a76c9&tab=overview
200,https://matchhistory.br.leagueoflegends.com/pt/#match-details/ESPORTSTMNT03/1024179?gameHash=f421f3fc0d65e0b3
201,https://matchhistory.br.leagueoflegends.com/pt/#match-details/ESPORTSTMNT03/1024200?gameHash=0da0e5e2c098b777
202,https://matchhistory.br.leagueoflegends.com/pt/#match-details/ESPORTSTMNT03/1024212?gameHash=9afa1d690caec1a0
203,https://matchhistory.br.leagueoflegends.com/pt/#match-details/ESPORTSTMNT03/1024233?gameHash=f57db0c721182dc0
204,https://matchhistory.br.leagueoflegends.com/pt/#match-details/ESPORTSTMNT01/1071668?gameHash=b4cf3aaa57a94a98&tab=overview
205,https://matchhistory.br.leagueoflegends.com/pt/#match-details/ESPORTSTMNT01/1071687?gameHash=38b863dd2e7a47f8&tab=overview
206,https://matchhistory.br.leagueoflegends.com/pt/#match-details/ESPORTSTMNT01/1071707?gameHash=98166aa358fe45a1&tab=overview
207,https://matchhistory.br.leagueoflegends.com/pt/#match-details/ESPORTSTMNT01/1071726?gameHash=36af90076a58b4ce&tab=overview
208,https://matchhistory.br.leagueoflegends.com/pt/#match-details/ESPORTSTMNT01/1072010?gameHash=45c68fb33002fdf6&tab=overview
209,https://matchhistory.br.leagueoflegends.com/pt/#match-details/ESPORTSTMNT01/1072037?gameHash=fbb191295a7c800e&tab=overview
210,https://matchhistory.br.leagueoflegends.com/pt/#match-details/ESPORTSTMNT01/1072083?gameHash=ff5a2c766a69b763&tab=overview
211,https://matchhistory.br.leagueoflegends.com/pt/#match-details/ESPORTSTMNT01/1072108?gameHash=412920c9c25db5b3&tab=overview
212,https://matchhistory.br.leagueoflegends.com/pt/#match-details/ESPORTSTMNT01/1074078?gameHash=b5ff2bcd2aee6deb&tab=overview
213,https://matchhistory.br.leagueoflegends.com/pt/#match-details/ESPORTSTMNT01/1084393?gameHash=07002d9b285cdb04&tab=overview
214,https://matchhistory.br.leagueoflegends.com/pt/#match-details/ESPORTSTMNT01/1084399?gameHash=d684594e39db48f1&tab=overview
215,https://matchhistory.br.leagueoflegends.com/pt/#match-details/ESPORTSTMNT01/1084423?gameHash=393b718c6e3b64a7&tab=overview
216,https://matchhistory.br.leagueoflegends.com/pt/#match-details/ESPORTSTMNT01/1074415?gameHash=abcae55ae00b343d&tab=overview
217,https://matchhistory.br.leagueoflegends.com/pt/#match-details/ESPORTSTMNT01/1074436?gameHash=0c46664b0fdb4888&tab=overview
218,https://matchhistory.br.leagueoflegends.com/pt/#match-details/ESPORTSTMNT01/1074451?gameHash=020f4ea5b5410d15&tab=overview
219,https://matchhistory.br.leagueoflegends.com/pt/#match-details/ESPORTSTMNT01/1074480?gameHash=14890761bd76143b&tab=overview
220,http://matchhistory.na.leagueoflegends.com/en/#match-details/ESPORTSTMNT03/1102245?gameHash=09a8c951db73b32e
221,http://matchhistory.na.leagueoflegends.com/en/#match-details/ESPORTSTMNT03/1102260?gameHash=95e9712a693fc80e
222,http://matchhistory.na.leagueoflegends.com/en/#match-details/ESPORTSTMNT03/1102281?gameHash=7e5860d7d57edc36
223,http://matchhistory.na.leagueoflegends.com/en/#match-details/ESPORTSTMNT03/1102289?gameHash=5d380df1fed356a5
224,https://matchhistory.br.leagueoflegends.com/pt/#match-details/ESPORTSTMNT03/1102435?gameHash=cc1f925d650672bb
225,https://matchhistory.br.leagueoflegends.com/pt/#match-details/ESPORTSTMNT03/1102458?gameHash=030c47151569d894
226,https://matchhistory.br.leagueoflegends.com/pt/#match-details/ESPORTSTMNT03/1102476?gameHash=5e9b550250f32312
227,https://matchhistory.br.leagueoflegends.com/pt/#match-details/ESPORTSTMNT03/1102503?gameHash=3c5f77cba2b1f459
228,https://matchhistory.br.leagueoflegends.com/pt/#match-details/ESPORTSTMNT01/1131665?gameHash=ef653d595db06dd0&tab=overview
229,https://matchhistory.br.leagueoflegends.com/pt/#match-details/ESPORTSTMNT01/1131675?gameHash=e01fdc7cbb4cf7e5&tab=overview
230,https://matchhistory.br.leagueoflegends.com/pt/#match-details/ESPORTSTMNT01/1131701?gameHash=fdbfb02a355cb922&tab=overview
231,https://matchhistory.br.leagueoflegends.com/pt/#match-details/ESPORTSTMNT01/1131722?gameHash=d5506c2eb64b35ab&tab=overview
232,https://matchhistory.na.leagueoflegends.com/en/#match-details/ESPORTSTMNT01/1142107?gameHash=ebc9205369e1eed6&tab=overview
233,https://matchhistory.na.leagueoflegends.com/en/#match-details/ESPORTSTMNT01/1142134?gameHash=726d374188bd2a74&tab=overview
234,https://matchhistory.na.leagueoflegends.com/en/#match-details/ESPORTSTMNT01/1142152?gameHash=8f1ac52e986280f1&tab=overview
235,https://matchhistory.na.leagueoflegends.com/en/#match-details/ESPORTSTMNT01/1142185?gameHash=aa528194ba18bfaa&tab=overview
236,https://matchhistory.br.leagueoflegends.com/pt/#match-details/ESPORTSTMNT01/1144492?gameHash=327d4443b3a16d49
237,https://matchhistory.br.leagueoflegends.com/pt/#match-details/ESPORTSTMNT01/1144523?gameHash=b5a9edfe5a8c2b4b
238,https://matchhistory.br.leagueoflegends.com/pt/#match-details/ESPORTSTMNT01/1144542?gameHash=c27e957b5d77af98
239,https://matchhistory.br.leagueoflegends.com/pt/#match-details/ESPORTSTMNT01/1144581?gameHash=3eaf144f0ea5a40e
240,https://matchhistory.br.leagueoflegends.com/pt/#match-details/ESPORTSTMNT01/1134540?gameHash=fb1ccd866dc32deb
241,https://matchhistory.br.leagueoflegends.com/pt/#match-details/ESPORTSTMNT01/1144812?gameHash=f5de5c527792fad5
242,https://matchhistory.br.leagueoflegends.com/pt/#match-details/ESPORTSTMNT01/1144832?gameHash=dabed1f5a1ff64c2
243,https://matchhistory.br.leagueoflegends.com/pt/#match-details/ESPORTSTMNT01/1144855?gameHash=af09ace36aa33d2f
244,https://matchhistory.na.leagueoflegends.com/en/#match-details/ESPORTSTMNT02/1081810?gameHash=24177145759a4e79&tab=overview
245,https://matchhistory.na.leagueoflegends.com/en/#match-details/ESPORTSTMNT02/1081829?gameHash=5635eb3b0abfa964&tab=overview
246,https://matchhistory.na.leagueoflegends.com/en/#match-details/ESPORTSTMNT02/1091986?gameHash=e0f1fe1948100b9b&tab=overview
247,https://matchhistory.na.leagueoflegends.com/en/#match-details/ESPORTSTMNT02/1092010?gameHash=6f9338d1395bc060&tab=overview
248,https://matchhistory.br.leagueoflegends.com/pt/#match-details/ESPORTSTMNT02/1092418?gameHash=f5b9893b82b2c1f0
249,https://matchhistory.br.leagueoflegends.com/pt/#match-details/ESPORTSTMNT02/1092456?gameHash=fabd24169ab2598b
250,https://matchhistory.br.leagueoflegends.com/pt/#match-details/ESPORTSTMNT02/1092491?gameHash=2fd21a9607f0c1c8
251,https://matchhistory.br.leagueoflegends.com/pt/#match-details/ESPORTSTMNT02/1092517?gameHash=764670cbc418232b
252,https://matchhistory.na.leagueoflegends.com/en/#match-details/ESPORTSTMNT02/1094909?gameHash=a7bea940a51a391e&tab=overview
253,https://matchhistory.na.leagueoflegends.com/en/#match-details/ESPORTSTMNT02/1094925?gameHash=db481a063a6278f2&tab=overview
254,https://matchhistory.na.leagueoflegends.com/en/#match-details/ESPORTSTMNT02/1094966?gameHash=0f2134ab5d7c08f0&tab=overview
255,https://matchhistory.na.leagueoflegends.com/en/#match-details/ESPORTSTMNT02/1095006?gameHash=2699f5fee8f87569&tab=overview
256,https://matchhistory.na.leagueoflegends.com/en/#match-details/ESPORTSTMNT02/1085123?gameHash=351573d1e82a822b&tab=overview
257,https://matchhistory.na.leagueoflegends.com/en/#match-details/ESPORTSTMNT02/1085154?gameHash=61161f73b22bfdf4&tab=overview
258,https://matchhistory.na.leagueoflegends.com/en/#match-details/ESPORTSTMNT02/1085181?gameHash=b23b550755bdf7ea&tab=overview
259,https://matchhistory.na.leagueoflegends.com/en/#match-details/ESPORTSTMNT02/1085205?gameHash=280257b23077abc5&tab=overview
260,https://matchhistory.na.leagueoflegends.com/en/#match-details/ESPORTSTMNT03/1111790?gameHash=2179135d9979c3b2&tab=overview
261,https://matchhistory.na.leagueoflegends.com/en/#match-details/ESPORTSTMNT03/1111807?gameHash=01c22fb37f408ce8&tab=overview
262,https://matchhistory.na.leagueoflegends.com/en/#match-details/ESPORTSTMNT03/1111831?gameHash=16e620be026bba16&tab=overview
263,https://matchhistory.na.leagueoflegends.com/en/#match-details/ESPORTSTMNT03/1111847?gameHash=086123c713b6c2f8&tab=overview
264,https://matchhistory.na.leagueoflegends.com/en/#match-details/ESPORTSTMNT03/1121998?gameHash=c5cced3efbd379f9&tab=overview
265,https://matchhistory.na.leagueoflegends.com/en/#match-details/ESPORTSTMNT03/1122041?gameHash=0a14d4ee2d1a9842&tab=overview
266,https://matchhistory.na.leagueoflegends.com/en/#match-details/ESPORTSTMNT03/1122058?gameHash=46c34f9a6fa265b6&tab=overview
267,https://matchhistory.na.leagueoflegends.com/en/#match-details/ESPORTSTMNT03/1122068?gameHash=9964089aadadc8b7&tab=overview
268,https://matchhistory.na.leagueoflegends.com/en/#match-details/ESPORTSTMNT03/1124582?gameHash=d66533fa830e704a&tab=overview
269,https://matchhistory.na.leagueoflegends.com/en/#match-details/ESPORTSTMNT03/1124605?gameHash=e36364f8c916c2fb&tab=overview
270,https://matchhistory.na.leagueoflegends.com/en/#match-details/ESPORTSTMNT03/1124632?gameHash=7af09253fe472e80&tab=overview
271,https://matchhistory.na.leagueoflegends.com/en/#match-details/ESPORTSTMNT03/1124652?gameHash=fb61793c9cb38874&tab=overview
272,https://matchhistory.na.leagueoflegends.com/en/#match-details/ESPORTSTMNT03/1125221?gameHash=9e62cbf6ec89cb6c&tab=overview
273,https://matchhistory.na.leagueoflegends.com/en/#match-details/ESPORTSTMNT03/1125235?gameHash=8e9e37aea119a2c2&tab=overview
274,http://matchhistory.na.leagueoflegends.com/en/#match-details/ESPORTSTMNT03/1125264?gameHash=7736ddf62e8c4e20
275,http://matchhistory.na.leagueoflegends.com/en/#match-details/ESPORTSTMNT03/1125295?gameHash=9f580e75405f7682
276,https://matchhistory.na.leagueoflegends.com/en/#match-details/ESPORTSTMNT03/1128508?gameHash=1ea7d29ad8e7048b&tab=overview
277,https://matchhistory.na.leagueoflegends.com/en/#match-details/ESPORTSTMNT03/1128530?gameHash=024d7a1cb505df41&tab=overview
278,https://matchhistory.na.leagueoflegends.com/en/#match-details/ESPORTSTMNT03/1128556?gameHash=be9d35017b6a7d79&tab=overview
279,https://matchhistory.na.leagueoflegends.com/en/#match-details/ESPORTSTMNT03/1128569?gameHash=ad806a059b83a00b&tab=overview
280,https://matchhistory.na.leagueoflegends.com/en/#match-details/ESPORTSTMNT03/1129011?gameHash=3776628c512b00a8&tab=overview
281,https://matchhistory.na.leagueoflegends.com/en/#match-details/ESPORTSTMNT03/1129032?gameHash=0e4557d24c67143f&tab=overview
282,https://matchhistory.na.leagueoflegends.com/en/#match-details/ESPORTSTMNT03/1129055?gameHash=91beaab0135034e8&tab=overview
283,https://matchhistory.na.leagueoflegends.com/en/#match-details/ESPORTSTMNT03/1129088?gameHash=75f8828498c545ff&tab=overview
284,https://matchhistory.na.leagueoflegends.com/en/#match-details/ESPORTSTMNT01/1152781?gameHash=27172ccd758888df&tab=overview
285,https://matchhistory.na.leagueoflegends.com/en/#match-details/ESPORTSTMNT01/1152819?gameHash=4d75d446571e608d&tab=overview
286,https://matchhistory.na.leagueoflegends.com/en/#match-details/ESPORTSTMNT01/1152844?gameHash=502c2c5cdde4ccf2&tab=overview
287,https://matchhistory.na.leagueoflegends.com/en/#match-details/ESPORTSTMNT01/1152865?gameHash=1904766dadce2b07&tab=overview
288,https://matchhistory.na.leagueoflegends.com/en/#match-details/ESPORTSTMNT01/1153254?gameHash=2871cf2e5c363fe1&tab=overview
289,https://matchhistory.na.leagueoflegends.com/en/#match-details/ESPORTSTMNT01/1153269?gameHash=51fd0e2f1e22ccb0&tab=overview
290,https://matchhistory.na.leagueoflegends.com/en/#match-details/ESPORTSTMNT01/1153296?gameHash=7193b53e7efb7483&tab=overview
291,https://matchhistory.na.leagueoflegends.com/en/#match-details/ESPORTSTMNT01/1153322?gameHash=4f49afdcebec09ff&tab=overview
292,https://matchhistory.na.leagueoflegends.com/en/#match-details/ESPORTSTMNT01/1155951?gameHash=3f54745b9f19a0c5&tab=overview
293,https://matchhistory.na.leagueoflegends.com/en/#match-details/ESPORTSTMNT01/1155977?gameHash=9f0890c6fd0d1ffd&tab=overview
294,https://matchhistory.na.leagueoflegends.com/en/#match-details/ESPORTSTMNT01/1155992?gameHash=dd0be5542f6af7fc&tab=overview
295,https://matchhistory.na.leagueoflegends.com/en/#match-details/ESPORTSTMNT01/1156021?gameHash=c707af896deaefab&tab=overview
296,https://matchhistory.na.leagueoflegends.com/en/#match-details/ESPORTSTMNT01/1156407?gameHash=3ca997be478a39c2&tab=overview
297,https://matchhistory.na.leagueoflegends.com/en/#match-details/ESPORTSTMNT01/1156438?gameHash=268906f64e0b9aef&tab=overview
298,https://matchhistory.na.leagueoflegends.com/en/#match-details/ESPORTSTMNT01/1156461?gameHash=bade8cdb85009fbf&tab=overview
299,https://matchhistory.na.leagueoflegends.com/en/#match-details/ESPORTSTMNT01/1156489?gameHash=915fc6a0c2a69bb0&tab=overview
300,https://matchhistory.br.leagueoflegends.com/pt/#match-details/ESPORTSTMNT02/1112156?gameHash=d93a739ef8637fc3
301,https://matchhistory.br.leagueoflegends.com/pt/#match-details/ESPORTSTMNT02/1102017?gameHash=c3efaaa3c73b881b
302,https://matchhistory.br.leagueoflegends.com/pt/#match-details/ESPORTSTMNT02/1102033?gameHash=67412763b7a80faa
303,https://matchhistory.na.leagueoflegends.com/en/#match-details/ESPORTSTMNT02/1102055?gameHash=2c635f55c35fafd2&tab=overview
304,http://matchhistory.na.leagueoflegends.com/en/#match-details/ESPORTSTMNT03/1301223?gameHash=48cdb3f62492e606
305,http://matchhistory.na.leagueoflegends.com/en/#match-details/ESPORTSTMNT03/1301228?gameHash=94d20f2c8f65ede5
306,http://matchhistory.na.leagueoflegends.com/en/#match-details/ESPORTSTMNT03/1301242?gameHash=d80454f4f436d4e5
307,http://matchhistory.na.leagueoflegends.com/en/#match-details/ESPORTSTMNT03/1301251?gameHash=0717ecad97ae838d
308,http://matchhistory.na.leagueoflegends.com/en/#match-details/ESPORTSTMNT03/1301276?gameHash=c4ba9f59291ce4ab
309,http://matchhistory.na.leagueoflegends.com/en/#match-details/ESPORTSTMNT03/1301284?gameHash=279c3dcca9f99391
310,http://matchhistory.na.leagueoflegends.com/en/#match-details/ESPORTSTMNT03/1301287?gameHash=23b9e19a23f095d0
311,http://matchhistory.na.leagueoflegends.com/en/#match-details/ESPORTSTMNT03/1301300?gameHash=3127f0ec9202fd77
312,http://matchhistory.na.leagueoflegends.com/en/#match-details/ESPORTSTMNT01/1301262?gameHash=c594a9a52f46cc50
313,http://matchhistory.na.leagueoflegends.com/en/#match-details/ESPORTSTMNT01/1301270?gameHash=5b3babb5d392d78d
314,http://matchhistory.na.leagueoflegends.com/en/#match-details/ESPORTSTMNT01/1301290?gameHash=31ce80069fdbc873
315,http://matchhistory.na.leagueoflegends.com/en/#match-details/ESPORTSTMNT01/1301305?gameHash=3f8d664b3b988446
316,http://matchhistory.na.leagueoflegends.com/en/#match-details/ESPORTSTMNT01/1291651?gameHash=5ec1b3473060dfd2
317,http://matchhistory.na.leagueoflegends.com/en/#match-details/ESPORTSTMNT01/1291682?gameHash=a8f2c06d04117279
318,http://matchhistory.na.leagueoflegends.com/en/#match-details/ESPORTSTMNT01/1291703?gameHash=cfb2d078f289825c
319,http://matchhistory.na.leagueoflegends.com/en/#match-details/ESPORTSTMNT01/1291737?gameHash=cf67a15df43c2bb2
320,http://matchhistory.na.leagueoflegends.com/en/#match-details/ESPORTSTMNT01/1304264?gameHash=f5e69d8e2f6bae5e
321,http://matchhistory.na.leagueoflegends.com/en/#match-details/ESPORTSTMNT01/1304282?gameHash=f9ea42cec97e930f
322,http://matchhistory.na.leagueoflegends.com/en/#match-details/ESPORTSTMNT01/1304302?gameHash=617f3af3e7d2ab4d
323,http://matchhistory.na.leagueoflegends.com/en/#match-details/ESPORTSTMNT01/1304324?gameHash=01bf1a7465a412ba
324,http://matchhistory.na.leagueoflegends.com/en/#match-details/ESPORTSTMNT01/1304609?gameHash=7a5a6778a7074f09
325,http://matchhistory.na.leagueoflegends.com/en/#match-details/ESPORTSTMNT01/1304635?gameHash=4cda5972cf8dd6bd
326,http://matchhistory.na.leagueoflegends.com/en/#match-details/ESPORTSTMNT01/1304671?gameHash=67e29eccbbc8f667
327,http://matchhistory.na.leagueoflegends.com/en/#match-details/ESPORTSTMNT01/1304691?gameHash=1572b2bb76b73da1
328,https://matchhistory.na.leagueoflegends.com/en/#match-details/ESPORTSTMNT03/1331071?gameHash=04d4357397b629c5&tab=overview
329,https://matchhistory.na.leagueoflegends.com/en/#match-details/ESPORTSTMNT03/1331083?gameHash=1ce031c72a3da565&tab=overview
330,https://matchhistory.na.leagueoflegends.com/en/#match-details/ESPORTSTMNT03/1331108?gameHash=565e729560a79b2a&tab=overview
331,https://matchhistory.na.leagueoflegends.com/en/#match-details/ESPORTSTMNT03/1331130?gameHash=16d8bdf56c461b3f&tab=overview
332,http://matchhistory.na.leagueoflegends.com/en/#match-details/ESPORTSTMNT03/1321435?gameHash=b6fbf00a9b8be899
333,http://matchhistory.na.leagueoflegends.com/en/#match-details/ESPORTSTMNT03/1331442?gameHash=5f7886bfe849a2e3
334,http://matchhistory.na.leagueoflegends.com/en/#match-details/ESPORTSTMNT03/1331462?gameHash=7870a28d21a3abb7
335,http://matchhistory.na.leagueoflegends.com/en/#match-details/ESPORTSTMNT03/1331477?gameHash=fdd19cb5f388cc39
336,http://matchhistory.na.leagueoflegends.com/en/#match-details/ESPORTSTMNT03/1324283?gameHash=a402acdd4233754e
337,http://matchhistory.na.leagueoflegends.com/en/#match-details/ESPORTSTMNT03/1324303?gameHash=c1c90476bc975428
338,http://matchhistory.na.leagueoflegends.com/en/#match-details/ESPORTSTMNT03/1324333?gameHash=a42b6a6a347908f4
339,http://matchhistory.na.leagueoflegends.com/en/#match-details/ESPORTSTMNT03/1324357?gameHash=072a4c0381bb7d2c
340,https://matchhistory.na.leagueoflegends.com/en/#match-details/ESPORTSTMNT03/1324707?gameHash=711cc8c2d0f20478&tab=overview
341,https://matchhistory.na.leagueoflegends.com/en/#match-details/ESPORTSTMNT03/1324737?gameHash=c7aabff855918a37&tab=overview
342,https://matchhistory.na.leagueoflegends.com/en/#match-details/ESPORTSTMNT03/1324751?gameHash=42c3cfd0e9cefe91&tab=overview
343,https://matchhistory.na.leagueoflegends.com/en/#match-details/ESPORTSTMNT03/1324768?gameHash=c4e4b63197bd55f6&tab=overview
344,https://matchhistory.na.leagueoflegends.com/en/#match-details/ESPORTSTMNT01/1321377?gameHash=cb7d066889375688&tab=overview
345,https://matchhistory.na.leagueoflegends.com/en/#match-details/ESPORTSTMNT01/1321394?gameHash=a2e7ca36ce9a1153&tab=overview
346,https://matchhistory.na.leagueoflegends.com/en/#match-details/ESPORTSTMNT01/1321408?gameHash=6cccbd6ee82c507c&tab=overview
347,https://matchhistory.na.leagueoflegends.com/en/#match-details/ESPORTSTMNT01/1321427?gameHash=0777a5b762f7efab&tab=overview
348,https://matchhistory.na.leagueoflegends.com/en/#match-details/ESPORTSTMNT01/1321705?gameHash=008c40f7defd0923&tab=overview
349,https://matchhistory.na.leagueoflegends.com/en/#match-details/ESPORTSTMNT01/1321729?gameHash=7a7bb754e8ca3cb1&tab=overview
350,https://matchhistory.na.leagueoflegends.com/en/#match-details/ESPORTSTMNT01/1321751?gameHash=8aa8f03c3247303c&tab=overview
351,https://matchhistory.na.leagueoflegends.com/en/#match-details/ESPORTSTMNT01/1321781?gameHash=8262d6ee8ed812a8&tab=overview
352,https://matchhistory.na.leagueoflegends.com/en/#match-details/ESPORTSTMNT03/1340641?gameHash=75351a5a88d86784&tab=overview
353,https://matchhistory.na.leagueoflegends.com/en/#match-details/ESPORTSTMNT03/1340657?gameHash=0b94e81f876bb42e&tab=overview
354,https://matchhistory.na.leagueoflegends.com/en/#match-details/ESPORTSTMNT03/1340672?gameHash=605af10daa8e8e64&tab=overview
355,https://matchhistory.na.leagueoflegends.com/en/#match-details/ESPORTSTMNT03/1340678?gameHash=086ee2700264d733&tab=overview
356,https://matchhistory.na.leagueoflegends.com/en/#match-details/ESPORTSTMNT03/1350856?gameHash=b757ea0db926c9a8&tab=overview
357,https://matchhistory.na.leagueoflegends.com/en/#match-details/ESPORTSTMNT03/1350872?gameHash=2dadb5246066d345&tab=overview
358,https://matchhistory.na.leagueoflegends.com/en/#match-details/ESPORTSTMNT03/1350888?gameHash=c1c90bb757048d21&tab=overview
359,https://matchhistory.na.leagueoflegends.com/en/#match-details/ESPORTSTMNT03/1350903?gameHash=2ef7af0faadd490e&tab=overview
360,https://matchhistory.na.leagueoflegends.com/en/#match-details/ESPORTSTMNT03/1340969?gameHash=f448cbb283321c11&tab=overview
361,https://matchhistory.na.leagueoflegends.com/en/#match-details/ESPORTSTMNT03/1340995?gameHash=ec26a01ae568dbb0&tab=overview
362,https://matchhistory.na.leagueoflegends.com/en/#match-details/ESPORTSTMNT03/1341012?gameHash=f4382eb9c63ae73b&tab=overview
363,https://matchhistory.na.leagueoflegends.com/en/#match-details/ESPORTSTMNT03/1341029?gameHash=f1aa201a8d467f84&tab=overview
364,https://matchhistory.na.leagueoflegends.com/en/#match-details/ESPORTSTMNT03/1342042?gameHash=1613ea97f027d77a&tab=overview
365,https://matchhistory.na.leagueoflegends.com/en/#match-details/ESPORTSTMNT03/1352079?gameHash=f1c494ec830fedf1&tab=overview
366,https://matchhistory.na.leagueoflegends.com/en/#match-details/ESPORTSTMNT03/1352084?gameHash=c9c8d16c9c7e533c&tab=overview
367,https://matchhistory.na.leagueoflegends.com/en/#match-details/ESPORTSTMNT03/1352098?gameHash=a7173eeb7d86f7bf&tab=overview
368,http://matchhistory.na.leagueoflegends.com/en/#match-details/ESPORTSTMNT03/1342267?gameHash=83d1b53aca4db35a
369,http://matchhistory.na.leagueoflegends.com/en/#match-details/ESPORTSTMNT03/1352257?gameHash=c29ac950eddb8d05
370,http://matchhistory.na.leagueoflegends.com/en/#match-details/ESPORTSTMNT03/1342285?gameHash=becf738f94017f9c
371,http://matchhistory.na.leagueoflegends.com/en/#match-details/ESPORTSTMNT03/1342295?gameHash=a16325f6b842137d
372,http://matchhistory.na.leagueoflegends.com/en/#match-details/ESPORTSTMNT03/1352439?gameHash=63f19d656876f7c1
373,http://matchhistory.na.leagueoflegends.com/en/#match-details/ESPORTSTMNT03/1352447?gameHash=08082fbbe084c02a
374,http://matchhistory.na.leagueoflegends.com/en/#match-details/ESPORTSTMNT03/1352450?gameHash=bfb8d0fcce471bfc
375,http://matchhistory.na.leagueoflegends.com/en/#match-details/ESPORTSTMNT03/1352457?gameHash=7d22214c28c31dee
376,https://matchhistory.na.leagueoflegends.com/en/#match-details/ESPORTSTMNT01/1370134?gameHash=f0c27cfe5dd06bb2&tab=overview
377,https://matchhistory.na.leagueoflegends.com/en/#match-details/ESPORTSTMNT01/1370145?gameHash=43cb3a4747f70599&tab=overview
378,https://matchhistory.na.leagueoflegends.com/en/#match-details/ESPORTSTMNT01/1370161?gameHash=5ed20ec70712a033&tab=overview
379,https://matchhistory.na.leagueoflegends.com/en/#match-details/ESPORTSTMNT01/1370167?gameHash=aeaa6ddf529e7aaf&tab=overview
380,http://matchhistory.na.leagueoflegends.com/en/#match-details/ESPORTSTMNT01/1370231?gameHash=98b126048c1c0a5f
381,http://matchhistory.na.leagueoflegends.com/en/#match-details/ESPORTSTMNT01/1370238?gameHash=b9449580e6d815e8
382,http://matchhistory.na.leagueoflegends.com/en/#match-details/ESPORTSTMNT01/1370246?gameHash=9a256fe0c8894172
383,http://matchhistory.na.leagueoflegends.com/en/#match-details/ESPORTSTMNT01/1370254?gameHash=1543de6368df051e
384,http://matchhistory.na.leagueoflegends.com/en/#match-details/ESPORTSTMNT01/1370327?gameHash=15b08c86134e59d2
385,http://matchhistory.na.leagueoflegends.com/en/#match-details/ESPORTSTMNT01/1370339?gameHash=9003cd572f0561c5
386,https://matchhistory.na.leagueoflegends.com/en/#match-details/ESPORTSTMNT01/1370345?gameHash=675ce0c548d8542c&tab=overview
387,https://matchhistory.na.leagueoflegends.com/en/#match-details/ESPORTSTMNT01/1370353?gameHash=b9d4d4ff8d584607&tab=overview
388,http://matchhistory.na.leagueoflegends.com/en/#match-details/ESPORTSTMNT01/1401566?gameHash=4f521a06ec646515
389,http://matchhistory.na.leagueoflegends.com/en/#match-details/ESPORTSTMNT01/1401595?gameHash=329fcbe7e0f3a07d
390,http://matchhistory.na.leagueoflegends.com/en/#match-details/ESPORTSTMNT01/1401600?gameHash=1ac5a1241d9ca3e2
391,http://matchhistory.na.leagueoflegends.com/en/#match-details/ESPORTSTMNT01/1401620?gameHash=8e2bbf48b57acf70
392,http://matchhistory.na.leagueoflegends.com/en/#match-details/ESPORTSTMNT01/1401754?gameHash=58709f90a820142f
393,http://matchhistory.na.leagueoflegends.com/en/#match-details/ESPORTSTMNT01/1401768?gameHash=adfebb792cacf309
394,http://matchhistory.na.leagueoflegends.com/en/#match-details/ESPORTSTMNT01/1401778?gameHash=615437fc6efee04b
395,http://matchhistory.na.leagueoflegends.com/en/#match-details/ESPORTSTMNT01/1401802?gameHash=e7f25bad582d514c
396,http://matchhistory.na.leagueoflegends.com/en/#match-details/ESPORTSTMNT01/1414013?gameHash=362ebcbf69ace509
397,http://matchhistory.na.leagueoflegends.com/en/#match-details/ESPORTSTMNT01/1414038?gameHash=b5adc650abf8bbf6
398,http://matchhistory.na.leagueoflegends.com/en/#match-details/ESPORTSTMNT01/1414048?gameHash=043823f757235f4e
399,http://matchhistory.na.leagueoflegends.com/en/#match-details/ESPORTSTMNT01/1414064?gameHash=80f8702062bd4a98
400,http://matchhistory.na.leagueoflegends.com/en/#match-details/ESPORTSTMNT01/1414280?gameHash=2a58a5d7e994608b
401,http://matchhistory.na.leagueoflegends.com/en/#match-details/ESPORTSTMNT01/1414291?gameHash=ee808a075662849a
402,http://matchhistory.na.leagueoflegends.com/en/#match-details/ESPORTSTMNT01/1414311?gameHash=e2a50b43e7c94a8c
403,http://matchhistory.na.leagueoflegends.com/en/#match-details/ESPORTSTMNT01/1414316?gameHash=20cb2cdb8308d740
404,http://matchhistory.na.leagueoflegends.com/en/#match-details/ESPORTSTMNT02/1391876?gameHash=c813bbf64b907cdd
405,http://matchhistory.na.leagueoflegends.com/en/#match-details/ESPORTSTMNT02/1391920?gameHash=02d894b7863a4389
406,http://matchhistory.na.leagueoflegends.com/en/#match-details/ESPORTSTMNT02/1391936?gameHash=28949589084da7f2
407,http://matchhistory.na.leagueoflegends.com/en/#match-details/ESPORTSTMNT02/1391960?gameHash=6a64f0cb4ed9eabd
408,http://matchhistory.na.leagueoflegends.com/en/#match-details/ESPORTSTMNT02/1392167?gameHash=18fb792f8cb26600
409,http://matchhistory.na.leagueoflegends.com/en/#match-details/ESPORTSTMNT02/1392212?gameHash=0b97022e6777e7ee
410,http://matchhistory.na.leagueoflegends.com/en/#match-details/ESPORTSTMNT02/1392237?gameHash=4a35a875bc872308
411,https://matchhistory.na.leagueoflegends.com/en/#match-details/ESPORTSTMNT02/1392260?gameHash=99a8ea43ad0d91ff&tab=overview
412,https://matchhistory.na.leagueoflegends.com/en/#match-details/ESPORTSTMNT02/1394814?gameHash=243e5567518cd751&tab=overview
413,https://matchhistory.na.leagueoflegends.com/en/#match-details/ESPORTSTMNT02/1394837?gameHash=8877338263951af1&tab=overview
414,https://matchhistory.na.leagueoflegends.com/en/#match-details/ESPORTSTMNT02/1394860?gameHash=e9f16d8d3ba77569&tab=overview
415,https://matchhistory.na.leagueoflegends.com/en/#match-details/ESPORTSTMNT02/1394880?gameHash=297aaedc1a3e25db&tab=overview
416,https://matchhistory.na.leagueoflegends.com/en/#match-details/ESPORTSTMNT02/1385309?gameHash=6caa76bfd7561099&tab=overview
417,https://matchhistory.na.leagueoflegends.com/en/#match-details/ESPORTSTMNT02/1385332?gameHash=73d18b634eb1795a&tab=overview
418,https://matchhistory.na.leagueoflegends.com/en/#match-details/ESPORTSTMNT02/1385351?gameHash=a428f8adaa628c15&tab=overview
419,https://matchhistory.na.leagueoflegends.com/en/#match-details/ESPORTSTMNT02/1385355?gameHash=c2044d6dc9d2abd0&tab=overview
420,http://matchhistory.na.leagueoflegends.com/en/#match-details/ESPORTSTMNT03/1401901?gameHash=8fbdfc0cbaf80d0b
421,http://matchhistory.na.leagueoflegends.com/en/#match-details/ESPORTSTMNT03/1401931?gameHash=6ae0bbe329ec1c13
422,http://matchhistory.na.leagueoflegends.com/en/#match-details/ESPORTSTMNT03/1401943?gameHash=8676469ea8817aa0
423,http://matchhistory.na.leagueoflegends.com/en/#match-details/ESPORTSTMNT03/1401956?gameHash=e8e4000580c3cd15
424,http://matchhistory.na.leagueoflegends.com/en/#match-details/ESPORTSTMNT03/1402255?gameHash=4f3e3f715f58826a
425,http://matchhistory.na.leagueoflegends.com/en/#match-details/ESPORTSTMNT03/1402281?gameHash=70ce4c3ab948b45c
426,http://matchhistory.na.leagueoflegends.com/en/#match-details/ESPORTSTMNT03/1402298?gameHash=3eab288533a5b0c9
427,http://matchhistory.na.leagueoflegends.com/en/#match-details/ESPORTSTMNT03/1402313?gameHash=922d95012763d18e
428,http://matchhistory.na.leagueoflegends.com/en/#match-details/ESPORTSTMNT03/1414259?gameHash=48dae9130a378544
429,http://matchhistory.na.leagueoflegends.com/en/#match-details/ESPORTSTMNT03/1414271?gameHash=333667cffedf9739
430,https://matchhistory.na.leagueoflegends.com/en/#match-details/ESPORTSTMNT03/1414294?gameHash=56831af2dc624276&tab=overview
431,https://matchhistory.na.leagueoflegends.com/en/#match-details/ESPORTSTMNT03/1414303?gameHash=cc3cc295f6436b64&tab=overview
432,http://matchhistory.na.leagueoflegends.com/en/#match-details/ESPORTSTMNT03/1414550?gameHash=d95048f1c2a454a8
433,http://matchhistory.na.leagueoflegends.com/en/#match-details/ESPORTSTMNT03/1414571?gameHash=5e83f966fa59be09
434,https://matchhistory.na.leagueoflegends.com/en/#match-details/ESPORTSTMNT03/1414580?gameHash=cc27c06a73a97cca&tab=overview
435,https://matchhistory.na.leagueoflegends.com/en/#match-details/ESPORTSTMNT03/1414589?gameHash=58ce9dd4a072086a&tab=overview
436,http://matchhistory.na.leagueoflegends.com/en/#match-details/ESPORTSTMNT01/1432034?gameHash=0025b9fae4187cac
437,http://matchhistory.na.leagueoflegends.com/en/#match-details/ESPORTSTMNT01/1432055?gameHash=e62f21e6ccbed794
438,http://matchhistory.na.leagueoflegends.com/en/#match-details/ESPORTSTMNT01/1432078?gameHash=a816df7284329c37
439,http://matchhistory.na.leagueoflegends.com/en/#match-details/ESPORTSTMNT01/1432108?gameHash=2386df40b4e3064e
440,https://matchhistory.na.leagueoflegends.com/en/#match-details/ESPORTSTMNT01/1432354?gameHash=fe04568b66307e39&tab=overview
441,http://matchhistory.na.leagueoflegends.com/en/#match-details/ESPORTSTMNT01/1432410?gameHash=52974fab6d17de2e
442,http://matchhistory.na.leagueoflegends.com/en/#match-details/ESPORTSTMNT01/1432427?gameHash=8a1465cd9289cdc1
443,http://matchhistory.na.leagueoflegends.com/en/#match-details/ESPORTSTMNT01/1432453?gameHash=a63b12c32c0ec952
444,http://matchhistory.na.leagueoflegends.com/en/#match-details/ESPORTSTMNT01/1434924?gameHash=9fb3932fc24986b3
445,http://matchhistory.na.leagueoflegends.com/en/#match-details/ESPORTSTMNT01/1434957?gameHash=a63cd8c15af28ec9
446,http://matchhistory.na.leagueoflegends.com/en/#match-details/ESPORTSTMNT01/1434977?gameHash=27d08eb30c1cd2c2
447,http://matchhistory.na.leagueoflegends.com/en/#match-details/ESPORTSTMNT01/1434988?gameHash=b93d8c1bfd57b50e
448,http://matchhistory.na.leagueoflegends.com/en/#match-details/ESPORTSTMNT01/1435288?gameHash=84edea80325cf85d
449,http://matchhistory.na.leagueoflegends.com/en/#match-details/ESPORTSTMNT01/1435307?gameHash=debf280dec0050fa
450,http://matchhistory.na.leagueoflegends.com/en/#match-details/ESPORTSTMNT01/1435325?gameHash=86e4fda6d109cede
451,http://matchhistory.na.leagueoflegends.com/en/#match-details/ESPORTSTMNT01/1435337?gameHash=c083766367a3a220
452,http://matchhistory.na.leagueoflegends.com/en/#match-details/ESPORTSTMNT02/1401713?gameHash=98471b8108ebdf49
453,http://matchhistory.na.leagueoflegends.com/en/#match-details/ESPORTSTMNT02/1401730?gameHash=f46245ea7afaa1ff
454,http://matchhistory.na.leagueoflegends.com/en/#match-details/ESPORTSTMNT02/1401751?gameHash=ecabcc907c360a50
455,http://matchhistory.na.leagueoflegends.com/en/#match-details/ESPORTSTMNT02/1401765?gameHash=efae80f8842737eb
456,http://matchhistory.na.leagueoflegends.com/en/#match-details/ESPORTSTMNT02/1401927?gameHash=34da3256c617c91d
457,http://matchhistory.na.leagueoflegends.com/en/#match-details/ESPORTSTMNT02/1401936?gameHash=f400650b50116e05
458,http://matchhistory.na.leagueoflegends.com/en/#match-details/ESPORTSTMNT02/1401953?gameHash=cd3465200113543d
459,http://matchhistory.na.leagueoflegends.com/en/#match-details/ESPORTSTMNT02/1401969?gameHash=de9f9639dab53061
460,http://matchhistory.na.leagueoflegends.com/en/#match-details/ESPORTSTMNT05/1540268?gameHash=942c46305c7963f4
461,http://matchhistory.na.leagueoflegends.com/en/#match-details/ESPORTSTMNT05/1540302?gameHash=40f44bc9f974bab0
462,http://matchhistory.na.leagueoflegends.com/en/#match-details/ESPORTSTMNT05/1540312?gameHash=acecba5a26c256c2
463,http://matchhistory.na.leagueoflegends.com/en/#match-details/ESPORTSTMNT05/1540344?gameHash=45b35a83fbf346af
464,http://matchhistory.na.leagueoflegends.com/en/#match-details/ESPORTSTMNT02/1413927?gameHash=3d6898a9174297be
465,http://matchhistory.na.leagueoflegends.com/en/#match-details/ESPORTSTMNT02/1413960?gameHash=e1b73beec6040960
466,http://matchhistory.na.leagueoflegends.com/en/#match-details/ESPORTSTMNT02/1413993?gameHash=04df508bdf1141cc
467,http://matchhistory.na.leagueoflegends.com/en/#match-details/ESPORTSTMNT02/1414011?gameHash=7be8e907300d0b24
468,http://matchhistory.na.leagueoflegends.com/en/#match-details/ESPORTSTMNT02/1404280?gameHash=efa2cbebc4e9d96e
469,http://matchhistory.na.leagueoflegends.com/en/#match-details/ESPORTSTMNT02/1404307?gameHash=d4618306bda7ef40
470,http://matchhistory.na.leagueoflegends.com/en/#match-details/ESPORTSTMNT02/1404312?gameHash=47115a989e16e2cb
471,http://matchhistory.na.leagueoflegends.com/en/#match-details/ESPORTSTMNT02/1404316?gameHash=bd1ca9b170810537
472,https://matchhistory.na.leagueoflegends.com/en/#match-details/ESPORTSTMNT03/1682154?gameHash=c2a030f119369de1&tab=overview
473,https://matchhistory.na.leagueoflegends.com/en/#match-details/ESPORTSTMNT03/1682203?gameHash=d72e218abb662e95&tab=overview
474,https://matchhistory.na.leagueoflegends.com/en/#match-details/ESPORTSTMNT03/1682216?gameHash=ea31ccb556b2b75f&tab=overview
475,https://matchhistory.na.leagueoflegends.com/en/#match-details/ESPORTSTMNT03/1682228?gameHash=773b06f5893ebb75&tab=overview
476,https://matchhistory.na.leagueoflegends.com/en/#match-details/ESPORTSTMNT03/1682262?gameHash=9760599e82d53430&tab=overview
477,https://matchhistory.na.leagueoflegends.com/en/#match-details/ESPORTSTMNT03/1682437?gameHash=f4e9cf999a46238b&tab=overview
478,https://matchhistory.na.leagueoflegends.com/en/#match-details/ESPORTSTMNT03/1682456?gameHash=a12458e8b717d991&tab=overview
479,https://matchhistory.na.leagueoflegends.com/en/#match-details/ESPORTSTMNT03/1682474?gameHash=aea8d340e619abec&tab=overview
480,https://matchhistory.na.leagueoflegends.com/en/#match-details/ESPORTSTMNT03/1682482?gameHash=5e121d7ca7652057&tab=overview
481,https://matchhistory.na.leagueoflegends.com/en/#match-details/ESPORTSTMNT03/1682498?gameHash=1fbeb2bb0cd5b384&tab=overview
482,http://matchhistory.na.leagueoflegends.com/en/#match-details/ESPORTSTMNT03/1673660?gameHash=42223a6350daa8fe&tab=overview
483,http://matchhistory.na.leagueoflegends.com/en/#match-details/ESPORTSTMNT03/1673670?gameHash=aa00ed0462cb541f&tab=overview
484,https://matchhistory.na.leagueoflegends.com/en/#match-details/ESPORTSTMNT03/1673683?gameHash=1f2487136bc05b34&tab=overview
485,http://matchhistory.na.leagueoflegends.com/en/#match-details/ESPORTSTMNT03/1673702?gameHash=b7a906d437d8d4f1&tab=overview
486,http://matchhistory.na.leagueoflegends.com/en/#match-details/ESPORTSTMNT03/1673709?gameHash=be3e7b45ee1d1ec3&tab=overview
487,http://matchhistory.na.leagueoflegends.com/en/#match-details/ESPORTSTMNT03/1683943?gameHash=c13242ca7ed03cb2
488,http://matchhistory.na.leagueoflegends.com/en/#match-details/ESPORTSTMNT03/1683949?gameHash=7a847d9411450d29
489,http://matchhistory.na.leagueoflegends.com/en/#match-details/ESPORTSTMNT03/1683961?gameHash=02ede7e77485a0a2
490,http://matchhistory.na.leagueoflegends.com/en/#match-details/ESPORTSTMNT03/1683969?gameHash=04544c072b9ff2e0
491,http://matchhistory.na.leagueoflegends.com/en/#match-details/ESPORTSTMNT03/1683998?gameHash=1a675fed7477ba00
492,http://matchhistory.na.leagueoflegends.com/en/#match-details/ESPORTSTMNT02/1681946?gameHash=f1c3ec4d72e66dc6&tab=overview
493,http://matchhistory.na.leagueoflegends.com/en/#match-details/ESPORTSTMNT02/1681978?gameHash=a8381a4e7800bfed&tab=overview
494,http://matchhistory.na.leagueoflegends.com/en/#match-details/ESPORTSTMNT02/1682025?gameHash=0a460e80045c5fbc&tab=overview
495,http://matchhistory.na.leagueoflegends.com/en/#match-details/ESPORTSTMNT02/1682063?gameHash=60872ac1c0bc9a3f&tab=overview
496,http://matchhistory.na.leagueoflegends.com/en/#match-details/ESPORTSTMNT02/1682108?gameHash=485ff836d9bb5f63&tab=overview
497,http://matchhistory.na.leagueoflegends.com/en/#match-details/ESPORTSTMNT02/1682453?gameHash=f1a20641813fe80c&tab=overview
498,http://matchhistory.na.leagueoflegends.com/en/#match-details/ESPORTSTMNT02/1682497?gameHash=1bd79a21fe5f3e6b&tab=overview
499,http://matchhistory.na.leagueoflegends.com/en/#match-details/ESPORTSTMNT02/1682530?gameHash=a1d0aa0ce31d55ee&tab=overview
500,http://matchhistory.na.leagueoflegends.com/en/#match-details/ESPORTSTMNT02/1682567?gameHash=f90d53eba672b060&tab=overview
501,http://matchhistory.na.leagueoflegends.com/en/#match-details/ESPORTSTMNT02/1682595?gameHash=3d2375867a0c88cd&tab=overview
502,https://matchhistory.na.leagueoflegends.com/en/#match-details/ESPORTSTMNT02/1686146?gameHash=6cb59b42df37c462&tab=overview
503,https://matchhistory.na.leagueoflegends.com/en/#match-details/ESPORTSTMNT02/1686183?gameHash=f81d7a6274b13a0a&tab=overview
504,https://matchhistory.na.leagueoflegends.com/en/#match-details/ESPORTSTMNT02/1686208?gameHash=6a58f3686027231c&tab=overview
505,https://matchhistory.na.leagueoflegends.com/en/#match-details/ESPORTSTMNT02/1686236?gameHash=1d17558849fbac74&tab=overview
506,https://matchhistory.na.leagueoflegends.com/en/#match-details/ESPORTSTMNT02/1686265?gameHash=18c2a4fce79d53e8&tab=overview
507,https://matchhistory.na.leagueoflegends.com/en/#match-details/ESPORTSTMNT02/1696184?gameHash=ea5cc88ec0545ebb&tab=overview
508,https://matchhistory.na.leagueoflegends.com/en/#match-details/ESPORTSTMNT02/1696222?gameHash=f1b4817bf1d2c699&tab=overview
509,https://matchhistory.na.leagueoflegends.com/en/#match-details/ESPORTSTMNT02/1696281?gameHash=efbb997b2166a14a&tab=overview
510,https://matchhistory.na.leagueoflegends.com/en/#match-details/ESPORTSTMNT02/1696320?gameHash=d7b7288620ccd913&tab=overview
511,https://matchhistory.na.leagueoflegends.com/en/#match-details/ESPORTSTMNT02/1696354?gameHash=b588168234e97a8a&tab=overview
512,https://matchhistory.na.leagueoflegends.com/en/#match-details/ESPORTSTMNT03/1760696?gameHash=0c26e8da17b3539a&tab=overview
513,https://matchhistory.na.leagueoflegends.com/en/#match-details/ESPORTSTMNT03/1760768?gameHash=b5db7d66ccb20f40&tab=overview
514,https://matchhistory.na.leagueoflegends.com/en/#match-details/ESPORTSTMNT03/1760800?gameHash=6f5676825dec3860&tab=overview
515,https://matchhistory.na.leagueoflegends.com/en/#match-details/ESPORTSTMNT03/1760831?gameHash=68a9b39d293e0b0c&tab=overview
516,https://matchhistory.na.leagueoflegends.com/en/#match-details/ESPORTSTMNT03/1760856?gameHash=a22faa1942292b71&tab=overview
517,https://matchhistory.na.leagueoflegends.com/en/#match-details/ESPORTSTMNT03/1751009?gameHash=c062531b3a3c4e9f&tab=overview
518,https://matchhistory.na.leagueoflegends.com/en/#match-details/ESPORTSTMNT03/1751052?gameHash=cc2442f4bf668081&tab=overview
519,https://matchhistory.na.leagueoflegends.com/en/#match-details/ESPORTSTMNT03/1751084?gameHash=e7cae30e12048b4a&tab=overview
520,https://matchhistory.na.leagueoflegends.com/en/#match-details/ESPORTSTMNT03/1751121?gameHash=379cbd7e81124c73&tab=overview
521,https://matchhistory.na.leagueoflegends.com/en/#match-details/ESPORTSTMNT03/1751159?gameHash=06d54095607852fb&tab=overview
522,https://matchhistory.na.leagueoflegends.com/en/#match-details/ESPORTSTMNT03/1764826?gameHash=7988415c97c7396c&tab=overview
523,https://matchhistory.na.leagueoflegends.com/en/#match-details/ESPORTSTMNT03/1764866?gameHash=39078ef4918fdaf1&tab=overview
524,https://matchhistory.na.leagueoflegends.com/en/#match-details/ESPORTSTMNT03/1764894?gameHash=4b685516f3f27d98&tab=overview
525,https://matchhistory.na.leagueoflegends.com/en/#match-details/ESPORTSTMNT03/1764927?gameHash=f8f2613b93d1f8db&tab=overview
526,https://matchhistory.na.leagueoflegends.com/en/#match-details/ESPORTSTMNT03/1755340?gameHash=da616563482ffa8b&tab=overview
527,https://matchhistory.na.leagueoflegends.com/en/#match-details/ESPORTSTMNT03/1755374?gameHash=badff389cc017548&tab=overview
528,https://matchhistory.na.leagueoflegends.com/en/#match-details/ESPORTSTMNT03/1755401?gameHash=1dde745c3a770819&tab=overview
529,https://matchhistory.na.leagueoflegends.com/en/#match-details/ESPORTSTMNT03/1755432?gameHash=71ee7854b6fd931d&tab=overview
530,https://matchhistory.na.leagueoflegends.com/en/#match-details/ESPORTSTMNT01/1840328?gameHash=3068cfdcc4d16a98&tab=overview
531,https://matchhistory.na.leagueoflegends.com/en/#match-details/ESPORTSTMNT01/1840341?gameHash=c4a211319a3b2f8d&tab=overview
532,https://matchhistory.na.leagueoflegends.com/en/#match-details/ESPORTSTMNT01/1880573?gameHash=dbf2a58887c0efc8&tab=overview
533,https://matchhistory.na.leagueoflegends.com/en/#match-details/ESPORTSTMNT01/1880604?gameHash=c95b38193ba508a1&tab=overview
534,https://matchhistory.na.leagueoflegends.com/en/#match-details/ESPORTSTMNT01/1880664?gameHash=26d24a35f19d1ab8&tab=overview
535,https://matchhistory.na.leagueoflegends.com/en/#match-details/ESPORTSTMNT01/1880675?gameHash=165da7947028c9ae&tab=overview
536,https://matchhistory.na.leagueoflegends.com/en/#match-details/ESPORTSTMNT01/1880694?gameHash=1a8ad1f27a6e43df&tab=overview
537,https://matchhistory.na.leagueoflegends.com/en/#match-details/ESPORTSTMNT01/1890836?gameHash=4a7349218aa09a81&tab=overview
538,https://matchhistory.na.leagueoflegends.com/en/#match-details/ESPORTSTMNT01/1890876?gameHash=4ff61a7bfdc0c2ec&tab=overview
539,https://matchhistory.na.leagueoflegends.com/en/#match-details/ESPORTSTMNT01/1890903?gameHash=3251ce7a3d09753b&tab=overview
540,https://matchhistory.na.leagueoflegends.com/en/#match-details/ESPORTSTMNT01/1890928?gameHash=f6ce4a6bb93a03fa&tab=overview
541,https://matchhistory.na.leagueoflegends.com/en/#match-details/ESPORTSTMNT01/1890980?gameHash=602252b43c5ca5ae&tab=overview
542,https://matchhistory.na.leagueoflegends.com/en/#match-details/ESPORTSTMNT01/1884674?gameHash=23e523f8a4c79014&tab=overview
543,https://matchhistory.na.leagueoflegends.com/en/#match-details/ESPORTSTMNT01/1884729?gameHash=c080a1a782d3eec4&tab=overview
544,https://matchhistory.na.leagueoflegends.com/en/#match-details/ESPORTSTMNT01/1884759?gameHash=9463ab7a1ee35285&tab=overview
545,https://matchhistory.na.leagueoflegends.com/en/#match-details/ESPORTSTMNT01/1884802?gameHash=bdd96d7d10c1b174&tab=overview
546,https://matchhistory.na.leagueoflegends.com/en/#match-details/ESPORTSTMNT01/1884848?gameHash=a452f3994d31ed6c&tab=overview
547,https://matchhistory.na.leagueoflegends.com/en/#match-details/ESPORTSTMNT01/1895048?gameHash=2db1bc635a85e3b7&tab=overview
548,https://matchhistory.na.leagueoflegends.com/en/#match-details/ESPORTSTMNT01/1895090?gameHash=807a9e28606f39d0&tab=overview
549,https://matchhistory.na.leagueoflegends.com/en/#match-details/ESPORTSTMNT01/1895115?gameHash=e2325992ebbeefc6&tab=overview
550,https://matchhistory.na.leagueoflegends.com/en/#match-details/ESPORTSTMNT01/1895144?gameHash=f68c250c884c999d&tab=overview
551,https://matchhistory.na.leagueoflegends.com/en/#match-details/ESPORTSTMNT01/1895167?gameHash=1bbdf30b2772ec38&tab=overview
552,https://matchhistory.na.leagueoflegends.com/en/#match-details/ESPORTSTMNT02/1721623?gameHash=04aaa1605bc8008a&tab=overview
553,https://matchhistory.na.leagueoflegends.com/en/#match-details/ESPORTSTMNT02/1721669?gameHash=3bb3e5f4154f1ef5&tab=overview
554,https://matchhistory.na.leagueoflegends.com/en/#match-details/ESPORTSTMNT02/1721682?gameHash=f9ec754f6dbaf7a4&tab=overview
555,https://matchhistory.na.leagueoflegends.com/en/#match-details/ESPORTSTMNT02/1721696?gameHash=ea4332c3613bfc77&tab=overview
556,https://matchhistory.na.leagueoflegends.com/en/#match-details/ESPORTSTMNT02/1721715?gameHash=eb6e3a4830d78ac3&tab=overview
557,https://matchhistory.na.leagueoflegends.com/en/#match-details/ESPORTSTMNT02/1732134?gameHash=1b3cba29f60c8e34&tab=overview
558,https://matchhistory.na.leagueoflegends.com/en/#match-details/ESPORTSTMNT02/1732182?gameHash=1d5fe2f07144260e&tab=overview
559,https://matchhistory.na.leagueoflegends.com/en/#match-details/ESPORTSTMNT02/1732224?gameHash=b185ee82984c773e&tab=overview
560,https://matchhistory.na.leagueoflegends.com/en/#match-details/ESPORTSTMNT02/1732251?gameHash=a8273b9283a8cceb&tab=overview
561,https://matchhistory.na.leagueoflegends.com/en/#match-details/ESPORTSTMNT02/1732271?gameHash=d4fbdb08443d746a&tab=overview
562,http://matchhistory.na.leagueoflegends.com/en/#match-details/ESPORTSTMNT02/1933162?gameHash=88d9dad0b96757b0
563,http://matchhistory.na.leagueoflegends.com/en/#match-details/ESPORTSTMNT02/1933217?gameHash=84c12d079d42cc9c
564,http://matchhistory.na.leagueoflegends.com/en/#match-details/ESPORTSTMNT02/1933285?gameHash=e49f5d5062b85229
565,http://matchhistory.na.leagueoflegends.com/en/#match-details/ESPORTSTMNT02/1933304?gameHash=c411f6e8af716cd4
566,http://matchhistory.na.leagueoflegends.com/en/#match-details/ESPORTSTMNT02/1933321?gameHash=45782097bf0731fa
567,http://matchhistory.na.leagueoflegends.com/en/#match-details/ESPORTSTMNT02/1923979?gameHash=1cf8f22b4368cc50
568,http://matchhistory.na.leagueoflegends.com/en/#match-details/ESPORTSTMNT02/1924039?gameHash=2a0ae7f514ad42ae
569,http://matchhistory.na.leagueoflegends.com/en/#match-details/ESPORTSTMNT02/1924080?gameHash=db0b464718861504
570,http://matchhistory.na.leagueoflegends.com/en/#match-details/ESPORTSTMNT02/1924149?gameHash=515cc088d58b3cfd
571,http://matchhistory.na.leagueoflegends.com/en/#match-details/ESPORTSTMNT02/1924242?gameHash=6206ff304d0a6192
572,http://matchhistory.na.leagueoflegends.com/en/#match-details/ESPORTSTMNT02/1937537?gameHash=f35056658084824d
573,http://matchhistory.na.leagueoflegends.com/en/#match-details/ESPORTSTMNT02/1937556?gameHash=e1d62cbac3e3df4e
574,http://matchhistory.na.leagueoflegends.com/en/#match-details/ESPORTSTMNT02/1937630?gameHash=cc6eea5fe2167f13
575,http://matchhistory.na.leagueoflegends.com/en/#match-details/ESPORTSTMNT02/1937655?gameHash=fa36fc45518b64bc
576,http://matchhistory.na.leagueoflegends.com/en/#match-details/ESPORTSTMNT02/1937675?gameHash=da4ccecdbd8f30f1
577,http://matchhistory.na.leagueoflegends.com/en/#match-details/ESPORTSTMNT02/1938031?gameHash=070a6d9ce578784e
578,http://matchhistory.na.leagueoflegends.com/en/#match-details/ESPORTSTMNT02/1938058?gameHash=2aace4164316a89d
579,http://matchhistory.na.leagueoflegends.com/en/#match-details/ESPORTSTMNT02/1938075?gameHash=36e465878be4bb6b
580,http://matchhistory.na.leagueoflegends.com/en/#match-details/ESPORTSTMNT02/1938103?gameHash=3ce21b7ad7ff24bf
581,http://matchhistory.na.leagueoflegends.com/en/#match-details/ESPORTSTMNT02/1938123?gameHash=513832f81500c528
582,http://matchhistory.na.leagueoflegends.com/en/#match-details/ESPORTSTMNT03/1991312?gameHash=ffc0407b2fbe6cda
583,http://matchhistory.na.leagueoflegends.com/en/#match-details/ESPORTSTMNT03/1991346?gameHash=b399236ec0d6e025
584,http://matchhistory.na.leagueoflegends.com/en/#match-details/ESPORTSTMNT03/1991367?gameHash=d9032c0cd800c90a
585,http://matchhistory.na.leagueoflegends.com/en/#match-details/ESPORTSTMNT03/1991386?gameHash=d129c7f716bf25b0
586,http://matchhistory.na.leagueoflegends.com/en/#match-details/ESPORTSTMNT03/2001847?gameHash=b1df24e37c0a8f48
587,http://matchhistory.na.leagueoflegends.com/en/#match-details/ESPORTSTMNT03/2001895?gameHash=81e8fda216d7bf38
588,http://matchhistory.na.leagueoflegends.com/en/#match-details/ESPORTSTMNT03/2001928?gameHash=448286e4305123b6
589,http://matchhistory.na.leagueoflegends.com/en/#match-details/ESPORTSTMNT03/2001970?gameHash=02cf577d5c102e7b
590,http://matchhistory.na.leagueoflegends.com/en/#match-details/ESPORTSTMNT03/1995095?gameHash=e113f3b360da0f00
591,http://matchhistory.na.leagueoflegends.com/en/#match-details/ESPORTSTMNT03/1995133?gameHash=4b4439e49378c5dc
592,http://matchhistory.na.leagueoflegends.com/en/#match-details/ESPORTSTMNT03/1995888?gameHash=71241743b58f5b0f
593,http://matchhistory.na.leagueoflegends.com/en/#match-details/ESPORTSTMNT03/1995918?gameHash=4757cd514cb73a55
594,http://matchhistory.na.leagueoflegends.com/en/#match-details/ESPORTSTMNT03/1995930?gameHash=9ebadf7433d95cf5
595,http://matchhistory.na.leagueoflegends.com/en/#match-details/ESPORTSTMNT03/1995945?gameHash=66abcba207b26b10
596,http://matchhistory.na.leagueoflegends.com/en/#match-details/ESPORTSTMNT03/1995959?gameHash=3f8de89ecdfa0a5a
597,http://matchhistory.na.leagueoflegends.com/en/#match-details/ESPORTSTMNT03/1996427?gameHash=8e007cbbfe76b03f
598,http://matchhistory.na.leagueoflegends.com/en/#match-details/ESPORTSTMNT03/1996449?gameHash=6c63bb8ba8ba89ae
599,http://matchhistory.na.leagueoflegends.com/en/#match-details/ESPORTSTMNT03/1996472?gameHash=0bd72b6d0795df15
600,http://matchhistory.na.leagueoflegends.com/en/#match-details/ESPORTSTMNT03/1996513?gameHash=a15ff43c0e665161
601,http://matchhistory.na.leagueoflegends.com/en/#match-details/ESPORTSTMNT03/1996552?gameHash=9ee7af21062a60e0
602,http://matchhistory.na.leagueoflegends.com/en/#match-details/ESPORTSTMNT01/2133546?gameHash=fe04865b94f5f5c7
603,http://matchhistory.na.leagueoflegends.com/en/#match-details/ESPORTSTMNT01/2133592?gameHash=513567635f8289af
604,http://matchhistory.na.leagueoflegends.com/en/#match-details/ESPORTSTMNT01/2133603?gameHash=113066d1d75fc009
605,http://matchhistory.na.leagueoflegends.com/en/#match-details/ESPORTSTMNT01/2133619?gameHash=9ebd86db2949c3c4
606,http://matchhistory.na.leagueoflegends.com/en/#match-details/ESPORTSTMNT01/2133635?gameHash=c708a46dc4596505
607,http://matchhistory.na.leagueoflegends.com/en/#match-details/ESPORTSTMNT01/2144356?gameHash=2f0f6a63de2ccef1
608,http://matchhistory.na.leagueoflegends.com/en/#match-details/ESPORTSTMNT01/2144390?gameHash=cfa7483822c96d89
609,http://matchhistory.na.leagueoflegends.com/en/#match-details/ESPORTSTMNT01/2144420?gameHash=90447f647a7ac78b
610,http://matchhistory.na.leagueoflegends.com/en/#match-details/ESPORTSTMNT01/2144451?gameHash=bf8e5208d397c1d9
611,http://matchhistory.na.leagueoflegends.com/en/#match-details/ESPORTSTMNT01/2144469?gameHash=256fe43a7994d1c8
612,http://matchhistory.na.leagueoflegends.com/en/#match-details/ESPORTSTMNT01/2137679?gameHash=4e4a859971463d9f
613,http://matchhistory.na.leagueoflegends.com/en/#match-details/ESPORTSTMNT01/2137700?gameHash=8f44bfc43b61e036
614,http://matchhistory.na.leagueoflegends.com/en/#match-details/ESPORTSTMNT01/2137714?gameHash=033ec2d7f4b03997
615,http://matchhistory.na.leagueoflegends.com/en/#match-details/ESPORTSTMNT01/2137725?gameHash=4a27758d0b10b860
616,http://matchhistory.na.leagueoflegends.com/en/#match-details/ESPORTSTMNT01/2138052?gameHash=bd5139953065f0a9
617,http://matchhistory.na.leagueoflegends.com/en/#match-details/ESPORTSTMNT01/2138075?gameHash=b7ef9abf9be82848
618,http://matchhistory.na.leagueoflegends.com/en/#match-details/ESPORTSTMNT01/2138098?gameHash=7ec8f199d4444bdd
619,http://matchhistory.na.leagueoflegends.com/en/#match-details/ESPORTSTMNT01/2138111?gameHash=d4a1932c68e91215
620,https://matchhistory.na.leagueoflegends.com/en/#match-details/ESPORTSTMNT02/2071843?gameHash=bb53244887cac821&tab=overview
621,https://matchhistory.na.leagueoflegends.com/en/#match-details/ESPORTSTMNT02/2071861?gameHash=6bb632b8e1c3f37d&tab=overview
622,http://matchhistory.na.leagueoflegends.com/en/#match-details/ESPORTSTMNT02/2062800?gameHash=59cbdf1b548037cc
623,http://matchhistory.na.leagueoflegends.com/en/#match-details/ESPORTSTMNT02/2062818?gameHash=86a8bdffa9cd9f0d&tab=overview
624,http://matchhistory.na.leagueoflegends.com/en/#match-details/ESPORTSTMNT02/2062834?gameHash=2911cb75eeb7fb16
625,http://matchhistory.na.leagueoflegends.com/en/#match-details/ESPORTSTMNT02/2062846?gameHash=5463d409662fadc6
626,http://matchhistory.na.leagueoflegends.com/en/#match-details/ESPORTSTMNT02/2062880?gameHash=c80853d4f62ca753
627,https://matchhistory.na.leagueoflegends.com/en/#match-details/ESPORTSTMNT02/2063219?gameHash=87ce25344c7e2dad&tab=overview
628,https://matchhistory.na.leagueoflegends.com/en/#match-details/ESPORTSTMNT02/2063243?gameHash=12662602cf6eef1a&tab=overview
629,https://matchhistory.na.leagueoflegends.com/en/#match-details/ESPORTSTMNT02/2063273?gameHash=d1db877dda3c4e15&tab=overview
630,https://matchhistory.na.leagueoflegends.com/en/#match-details/ESPORTSTMNT02/2063292?gameHash=6d88a58ecbcecbfe&tab=overview
631,https://matchhistory.na.leagueoflegends.com/en/#match-details/ESPORTSTMNT02/2063330?gameHash=7d4e9eff9a5930b1&tab=overview
632,http://matchhistory.na.leagueoflegends.com/en/#match-details/ESPORTSTMNT02/2066052?gameHash=96676e2914b31cc5
633,https://matchhistory.na.leagueoflegends.com/en/#match-details/ESPORTSTMNT02/2066073?gameHash=2bd726ed6a933483&tab=overview
634,http://matchhistory.na.leagueoflegends.com/en/#match-details/ESPORTSTMNT02/2066084?gameHash=1aed93d7a82b1842
635,http://matchhistory.na.leagueoflegends.com/en/#match-details/ESPORTSTMNT02/2066097?gameHash=22a70e03b8a797c3
636,http://matchhistory.na.leagueoflegends.com/en/#match-details/ESPORTSTMNT02/2066114?gameHash=9bb2f7546451dfbd
637,http://matchhistory.na.leagueoflegends.com/en/#match-details/ESPORTSTMNT02/2066370?gameHash=f7949186a6af9938
638,http://matchhistory.na.leagueoflegends.com/en/#match-details/ESPORTSTMNT02/2066398?gameHash=33142edca4cdbdfc
639,https://matchhistory.na.leagueoflegends.com/en/#match-details/ESPORTSTMNT02/2066419?gameHash=a7c0ba90d8052bd6&tab=overview
640,https://matchhistory.na.leagueoflegends.com/en/#match-details/ESPORTSTMNT02/2066441?gameHash=0b8d32e6bb5c8817&tab=overview
641,https://matchhistory.na.leagueoflegends.com/en/#match-details/ESPORTSTMNT02/2066462?gameHash=89ecc0ab46c57a94&tab=overview
642,http://matchhistory.na.leagueoflegends.com/en/#match-details/ESPORTSTMNT03/2052020?gameHash=e65a4f9f12b0da3c
643,http://matchhistory.na.leagueoflegends.com/en/#match-details/ESPORTSTMNT03/2052036?gameHash=6daf7dda40307bc0
644,http://matchhistory.na.leagueoflegends.com/en/#match-details/ESPORTSTMNT03/2052057?gameHash=bb9742ce0cd11578
645,http://matchhistory.na.leagueoflegends.com/en/#match-details/ESPORTSTMNT03/2052084?gameHash=88ac770831c8302b
646,http://matchhistory.na.leagueoflegends.com/en/#match-details/ESPORTSTMNT03/2052114?gameHash=bfa4bc8d6d1c870e
647,http://matchhistory.na.leagueoflegends.com/en/#match-details/ESPORTSTMNT03/2052416?gameHash=f365a1132e38c27e
648,http://matchhistory.na.leagueoflegends.com/en/#match-details/ESPORTSTMNT03/2052433?gameHash=5ea67a8f994f853d
649,http://matchhistory.na.leagueoflegends.com/en/#match-details/ESPORTSTMNT03/2052442?gameHash=fd7789f4513c5010
650,http://matchhistory.na.leagueoflegends.com/en/#match-details/ESPORTSTMNT03/2052455?gameHash=94f83a63522aadb4
651,http://matchhistory.na.leagueoflegends.com/en/#match-details/ESPORTSTMNT03/2052476?gameHash=774da9f649ac4df3
